商品名,価格,URL
三角コーン,￥989～,https://www.monotaro.comhttps://www.monotaro.com/g/02960818/
コーンベッド 内径310Φ,￥459～,https://www.monotaro.comhttps://www.monotaro.com/g/04194353/
布テープ トラ柄,￥669～,https://www.monotaro.comhttps://www.monotaro.com/g/00138368/
チェーン プラスチック,￥399～,https://www.monotaro.comhttps://www.monotaro.com/g/00683969/
標識ロープ,￥599～,https://www.monotaro.comhttps://www.monotaro.com/g/06206243/
ラインテープ トラ柄,￥569,https://www.monotaro.comhttps://www.monotaro.com/g/03120323/
安心クッション(L字型),￥943～,https://www.monotaro.comhttps://www.monotaro.com/g/00508008/
コーンバー,"￥4,390～",https://www.monotaro.comhttps://www.monotaro.com/g/04194153/
段差プレート 車用 ストレート ゴム製,"￥1,890～",https://www.monotaro.comhttps://www.monotaro.com/g/01363195/
トラテープ すべり止め付き,"￥1,290～",https://www.monotaro.comhttps://www.monotaro.com/g/03043338/
スコッチコーン,"￥1,390～",https://www.monotaro.comhttps://www.monotaro.com/g/03398888/
伸縮式コーン,￥899～,https://www.monotaro.comhttps://www.monotaro.com/g/01370864/
トラ表示テープ 50mm×25m,￥829,https://www.monotaro.comhttps://www.monotaro.com/g/00507419/
安心クッション(コーナー),￥214～,https://www.monotaro.comhttps://www.monotaro.com/g/00507987/
反射テープ トラ柄,￥899～,https://www.monotaro.comhttps://www.monotaro.com/g/00545254/
電子ホイッスル,"￥2,490～",https://www.monotaro.comhttps://www.monotaro.com/g/04559316/
誘導用 ライト,￥859,https://www.monotaro.comhttps://www.monotaro.com/g/00353218/
トラ布テープ,￥969～,https://www.monotaro.comhttps://www.monotaro.com/g/00264390/
クッション L字型 トラ 長さ900mm,￥999～,https://www.monotaro.comhttps://www.monotaro.com/g/00951428/
メガホン ハンディ,"￥1,790",https://www.monotaro.comhttps://www.monotaro.com/g/01120910/
ロープスティック 5本入,"￥3,390",https://www.monotaro.comhttps://www.monotaro.com/g/04624076/
ホイッスル,￥129～,https://www.monotaro.comhttps://www.monotaro.com/g/02357145/
ソフトコーン,"￥3,590～",https://www.monotaro.comhttps://www.monotaro.com/g/04226599/
安全クッション L字型 コーナー用,￥139～,https://www.monotaro.comhttps://www.monotaro.com/g/01344516/
安心クッション はさみこみ型,￥699～,https://www.monotaro.comhttps://www.monotaro.com/g/00282111/
チェーン プラスチック リング付,￥499～,https://www.monotaro.comhttps://www.monotaro.com/g/00683970/
チェーンスタンド,"￥1,198～",https://www.monotaro.comhttps://www.monotaro.com/g/00508061/
ガードネット,"￥1,890～",https://www.monotaro.comhttps://www.monotaro.com/g/03078648/
段差プレート 樹脂製,"￥1,290～",https://www.monotaro.comhttps://www.monotaro.com/g/01868112/
フェンスネット ロール,"￥5,690",https://www.monotaro.comhttps://www.monotaro.com/g/01259911/
LED警告灯 丸型 ソーラー式,￥999,https://www.monotaro.comhttps://www.monotaro.com/g/01281117/
フラッシュ警告灯 コーン用アダプタ一体型,"￥1,290",https://www.monotaro.comhttps://www.monotaro.com/g/05246016/
トランシーバー 特定小電力,"￥9,990",https://www.monotaro.comhttps://www.monotaro.com/g/01007297/
安全クッション はさみ込み型,￥579～,https://www.monotaro.comhttps://www.monotaro.com/g/01483713/
LED警告灯 平型 ソーラー式,"￥1,190",https://www.monotaro.comhttps://www.monotaro.com/g/01611843/
バリウエイト,￥779～,https://www.monotaro.comhttps://www.monotaro.com/g/01136070/
コーンバー,￥599～,https://www.monotaro.comhttps://www.monotaro.com/g/04105768/
標識ロープ(トラロープ),"￥1,898～",https://www.monotaro.comhttps://www.monotaro.com/g/00247591/
注水式ウエイト,￥799,https://www.monotaro.comhttps://www.monotaro.com/g/06314508/
標識トラロープ,￥229～,https://www.monotaro.comhttps://www.monotaro.com/g/02787620/
